event_name,page_path,selector,trigger,preprod_status,prod_activation,tool_target,owner,success_signal,metric_status,notes
page_view_home,index.html,body[data-section="accueil"],page_view,documented,activate_on_final_domain,GA4_or_GTM,marketing_tech,page_view_visible_in_realtime,unknown,no_tag_installed_in_preprod
click_hero_experiences,index.html,.hero-page1__cta,click,trackable,activate_on_final_domain,GA4_or_GTM,marketing_tech,event_visible_in_debug_view,unknown,primary_discovery_cta
click_contact_home,index.html,.hero-page1__bottom-left a[href="mailto:production@swingdigitalproduction.com"],click,trackable,activate_on_final_domain,GA4_or_GTM,marketing_tech,email_click_visible_in_debug_view,unknown,contact_intent
click_social_instagram,index.html,.hero-page1__bottom-right a[href="https://www.instagram.com/swingdigital_france/"],click,trackable,activate_on_final_domain,GA4_or_GTM,marketing_tech,outbound_click_visible_in_debug_view,unknown,social_intent
open_mobile_menu,index.html,.site-nav__burger,click,trackable,activate_on_final_domain,GA4_or_GTM,marketing_tech,menu_open_event_visible_in_debug_view,unknown,navigation_intent
click_reservation_disabled,reservations.html,.page58__reserve-btn,click,documented_disabled,activate_when_booking_active,GA4_or_GTM,product_marketing,no_conversion_until_booking_enabled,unknown,disabled_button_is_not_a_conversion
click_newsletter_disabled,reservations.html,.page58__subscribe-btn,click,documented_disabled,activate_when_newsletter_active,GA4_or_GTM,product_marketing,no_conversion_until_newsletter_enabled,unknown,disabled_button_is_not_a_conversion
click_reservation_faq,reservations.html,.page58__faq-link,click,trackable,activate_on_final_domain,GA4_or_GTM,marketing_tech,faq_click_visible_in_debug_view,unknown,reservation_information_intent
click_private_visit_contact,reservations.html,.page61__contact-link,click,trackable,activate_on_final_domain,GA4_or_GTM,marketing_tech,private_visit_contact_visible_in_debug_view,unknown,group_or_private_visit_intent
